{
    "loss": 7.238570690155029,
    "accuracy": 0.4313725531101227
}