{
    "loss": 205.99942016601562,
    "accuracy": 0.4313725531101227
}