{
    "loss": 24.552017211914062,
    "accuracy": 0.4313725531101227
}